tettenhallaylesbury house,aylesbury,aylesbury,b44 0dx,north tees ed,north tees ed,russell street surgery,shotley,shotley,farndon village,farndon village surgery,Central access point,bird in eye,hilltops medical centre,pear tree surgery,pear tree surgery,pear tree surgery,Goodinge,the pinn medical centre,forest edge ,hathaway medical,heartlands,heartlands,heartlands,hea,birmingham childrens,blackfriars,birmingham childrens,blackfriars,aldergate practice,cheetham hill,cheetham hill primary,cheetham hill primary,garden lane medic,cavendish medica,bedford medical ,bedford medical centre,swanpool,chase meadow,st andrews health centre,st andrews health centre,oakleigh road ,oakleigh road ,west ma,west malling,west malling,west malling,me19 ,wes,west n,west malling group practice,saint,emerge,CB1 2AB,B64 6JE ,CB1 8PJ ,EN4 9NB ,PE12 6QB ,south hylton s,south hylton s,st george ,st george and ,st george and ,st george and riverside,st george and riverside,dr stephenson and partners,dr stephenson and partners,rickleton ,rickleton me,eaglescliffe,eaglescliffe medical p,SE18 1B ,TN31 7SQ ,B24 0SY ,E1 0LS ,BS26 2BJ,SG6 4UB,SS16 6SA ,CT1 3AP,CM12 0BJ,CM12 0BJ,SS5 5HQ ,central pharmacy,central pharmacy margate,medi,med,larkhill,larkhill,larkhill,larkhill,n15,n1 5,n1 5qt,n1 5qt,balmoral ,balmoral gardens,balmoral gardens,balmoral gardens,balmoral gardens,balmoral gardens,balmoral gardens,balmoral gardens,balmoral gardens,healthy living centre,healthy living centre,healthy living centre,healthy living centre balmoral,healthy living centre balmoral,me7 4pn,me7 4pn,tudor way,pedmore ,pedmore road,the har,the harle,the harle,Gp st Marys,E14 3BQ,E14 3BQ,Lor,Lordswood,Lordswood house ,Lordswood house group,north,north fulham,north fulham surgery,Grand Union health centre,oakhill,oakhill surgery,the walton cen,oak hall surgery kent,the walton centre,nor,The,15 half,15 half moon,consultant,ber,ber,mit,SE16 6AE ,Brownlow Health ,Brownlow Health ,MK43 7DX,Brownlow Hea,Brownlow Hea,Brownlow Hea,Brownlow Hea,Brownlow Hea,Brownlow Hea,Brownlow Hea,Mount chambers,Brownlow Health,Brownlow Health,NW3 2QU ,Bro,L3 2BG,bra,broad,broadwater,broadwater,broadwater,launce,launceston medi,ST7 1DX ,harley grove,ST7 4AY, L12 0NB,roman,roman way ,roman way med, L12 0NB,Askern,win,windmill surgery,windmill surgery,windmill surgery,windmill surgery,JUBILEE MEDICAL CENTRE 52 Croxteth Hal,Croxteth Hal,Croxteth Hal, BH20 4AF, BH20 4AF,Broom lane,Wareham Surgery Streche R,Hollyoaks,launceston medical,NW10 3RY,NW10 3RY,UB4,AL7 3UJ,WILLOW TREE SURGERY,WILLOW TREE SURGERY,lad,ladybarn,ladybarn,ritchie street, RG9 4HA,WILLOW TREE SURGERY, ,WILLOW TREE SURGERY, ,WILLOW TREE SURGERY, UB4 9,WILLOW TREE SURGERY, UB4,WILLOW TREE SURGERY, ,WILLOW TREE SURGERY, ,WILLOW TREE SURGERY,,WILLOW TREE SURGERY,,WILLOW TREE SURGERY,WILLOW TREE SURGERY,WILLOW TREE SURGERY,earnshaw,WILLOW TREE SURGERY,WILLOW TREE SURGERY,WILLOW TREE SURGERY,WILLOW TREE SURGERY,lever chambers,pond tail surgery,bl1 1sq,bl1 1sq,bl1 1sq,MK4,MK4,BN17 6BF,earnshaw,The Bell Surgery,The Bell Surgery,BS8 1QU ,HA0 4UZ,ilford medical centre,HA0 4UZ,ilford medical centre,HA0 4UZ,HA0 4UZ,HA0 4UZ,bram,bram,bramble,bramble,brambleh,brambleha,bramblehaies, SL1 9LA , SL1 9LA , Farnham Road Surgery,,stren,strensham,Jackson Avenue,SL2 1HD,ME13 8FH ,N8 8JD,N8 8JD,N8 8JD,N8 8JD,N8 8JD,IP15 5AR,Sidcup,Sidcup Medi,Sidcup Medical Centre,Sidcup Medical Centre,bl1,bl1 1sq,bl1 1sq,lad,SK14 ,SK14 1,SK14 1A,SK14 1AT,st werburgh,st werburgh medical,st werburgh medical,The Jacey Practice,eas,eagle house,eagle house,elms medical,S43 3SR,elms medical hoo,fairfi,fairfie,fairfiel,fairfield,Gros,WC1X 0GB,Grosvenor & St. James,Grosvenor & St. James Medical Practice,Grosvenor & St. James Medical Practice 23 Upper,Grosvenor & St. James Medical Practice 23 Uppe,Grosvenor & St. James Medical Practice,Grosvenor & St. James Medical Practice, ,islington central medical centre,Grosvenor ,Grosvenor Medical Practice ,Moredon,wrekenton medical group,east cliff,east cliff practice, BR6 6EY, BR6 6EY,fai,badg,badger,badger wood surgery,Wr8 0ql,NW6 7JQ,Thornhill lees,the ,the r,the ra,the ran,the rand,the randol,Karis medical centre,BR5 1LH Tudor ,BR5 1LH Tud,bad,bad,bra,bram,braml,bramle,bramle ha,bramle h,bramle h,bramle ,bram,bram,bramble,bramble,brambleh,WR12,WR12 ,Todmorden Health Centre,NW3 3RY,Todmorden Health Centre,dr chitre,ripon ,ripon sp,ripon spa,L3 2,L3 2,Lve,Liverpool ,BR6 0NH,college road,college road sur,college road surg,college road surg,Liverpool mental health,SK14 1A,SK1,SK1,Liverpool mental health,l37 ,l37 4aw,maple practice,maple practice dartford,Grove Medical Centre,Grove Medical Centre SE8 ,Grove Medical Centre SE8 3QH,DE12 7HR,Oldham,BS3 4JY,maywood h,maywood health,lapal medical, DE22 3NE, Pride pharmacy, ,SW11 3BP,SW11 3BP, DE22 3NE,WC2B 4PJ, DE22 3NE,The Maltings Surgery,The Maltings Surgery,triage ,triage car birmingham,triage car birmingham,Green ,HERSCHEL MEDICAL,Green Wr,Green Wrythe,paydens faversham,NW6 7JQ,val,valk,valkyr,valkyrie,DE23 3TX ,DE23 3TX ,N12 9SS,violet lane,orchard ,orchard surgery,orchard surgery bL,orchard surgery ba,orc,SG9,SG9 9,SG9 9d,CM23,CM23 5JH,CM23 5JH,CM23 5JH,NG24 3HJ,AL7 ,AL7 3UJ,AL9 7SN,AL9,AL9,AL7,AL7 ,AL7 4H,AL7 4HL,AL7 4HL,SG11 1TF,SG1,SG1,EN8 ,EN8 7DJ,boo,boots,boots 25-27,boots 25-27 ,EN7 ,EN7 6HL,boots 25-27,boots new,boots newcast,boots newcastle,Longton health centre,25-27,EN7 5ET,station road north,rg24 8nd,boots station road north,boots station road north,EN8,EN8 8NW,BEECHES SURGERY ,BEECHES SURGERY,BEECHES SURGERY,EN8,EN8,SG14 ,SG14 1,SG14 1HH, RG9 4HA,WA2 7NJ,SG14 1HZ,SG14,SG14,SG14 ,SG14 3SY,SG14 3SY,SG1,SG1,AL10 ,AL10 0BS,AL10 0BS,ridgmount practice,BA2 5EG,epsom at home,epsom at home,grove medical centre,grove medical centre sherb,grove medical centre sherborne,dudley urgent ,dudley urgent community,ll13,ll13 0,ll13 0ed,cr6 9lf, HP7 0HA,green porch,green porch ,green porch ,Regis medical centre,green ,green ,gre,Adigwe,eakins,eakins,BS8 4HW,E6 3BA,E6 3BA,kt16 0jx,THE SPEEDWELL PRACTICE,BL9 0NJ,BL9 0NJ,wayside,wayside,the maples va,the maples van,BN1,BN1,TN4 9TF,N16 5UF,NW8 0AG,GU16,GU16 ,GU16 6QQ,sl1 2px,sr4 ,sr4 7tu,sr4 7tu,sr4 7tu,uxb,sr4 7tu,uxbridge,uxbridge ,uxb,cen,uxbridge medical,granville,uxbridge medical centre,granville,ub8,ub8,gosfor,gosford,TN11 9HL ,gosford gree,cen,ub8 1ub,BS3 4JY,godiva,godiva,godiva,BROCKWOOD MEDICAL PRACTICE,BROCKWOOD MEDICAL PRACTICE,BROCKWOOD MEDICAL PRACTICE,manor park ,BROCKWOOD MEDICAL PRACTICE,NW6 1DS,manor park medical,manor park pol,manor park polegat,manor park polegat,Courtyard ,Courtyard horsham,Courtyard Horsham,st werburgh,st werburgh,st werburgh,st werburgh,Courtyard Horsham,eden court medical ,whi,white,HA8 9GJ,whi,mill lane,mill lane ,mill lane shep,granville medical centre,granville medical centre,DE45 1SP, Wells Road Surgery, Wells Road Surgery,tudor medical,tudor medical,boots liskeard,boots liskeard,boots liskeard,boots liskeard,boots liskeard,ng7 ,ng7 2qw,LEIGH INFIRM,LEIGH INFIRM,torrington healt,spring hill,eat,midlands medical partnershi,midlands medical partnership,eaton wood medical centre,AL3 5NP,DE6 ,DE6 1,DE6 1DR,DE6 1DR,l37,l37,William Harvey,lon,tower ,m13 ,tower hill ,m13 0,m13 0rr,tower hill medical,tower hill medical,William Harvey ,William Harvey H,m13 0rr,William Harvey Hospital Acute,killick street health centre, IP15 5AR,parys group,parys group,parys group,sr4 7xf,little,little waltham,east kent ,meadowbrook,Bersted Green,Bersted Green Surgery,WHITECLIFF ,WHITE CLIFF,WHITE CLIFF ,WHITE CLIFF ,BR6 0NH,PE6 8DD,bridgnorth minor ,Four Oaks Medical Centre,mildmay gp ,South Lewisham Group Practice,dr sheen ,balfour medical centre,Elizabeth Court,Elizabeth Courtauld,balfour medical centre,Elizabeth Courtauld Surgery,balfour medical centre,E9 7SN,N1 0DG,tw13 6hd,LE13 1NX,LE13 1NX,LE13 1NX,MK13 8RN ,maples,maples hea,maples,maples,DE23 3TZ,maple HE,maple ,maple ,maple VAN,maple VAN,sutton coldfield ,SN1 1LF ,SN1 1LF ,233 tamworth road,233 tamworth road,233 tamworth road,233 tamworth road,233 tamworth road,233 tamworth road,233 tamworth road,sl6 2sr,233 tamworth road,233 tamworth road,hp2,hp2 5sb,ub8 3na,eastry,Glenly,Glenlyn Medical Centre,B43 7DY,tw5 9er,N2 8BG,IG1,IG1 4JY, RM12 5AS,w14 8hw,lat,LE13 1NX,LE13 1NX,NW5 2BX,NW5 2BX,university medical ,university medical practice,university medical practice,peth,pet,pilgrim,pilgrim, Suttons Avenue Surgery 24 Suttons Aven,CH1 ,CH1 4EN,me5 7td,HA8 8NB,fracture clinic,treliske,eastmead,sl1 5pp,St. Peter,St. Peters Road Surgery,N8 8HJ,The Dunstan,GL51 8JQ,GL51 8JQ,tw3 3ln,brent,brentf,brentford,brentford group ,new dover road,new dover road surgery,cr6 9nw,hurstpierpoint,hurstpierpoint,bre,chet,chertsey,chertsey health,CH1,CH1,Green,Greenfield ,Greenfield Medical Centre,m5 4dg,m5 4dg,rh6 7dg, BS3 4AT, BS3 4AT,N4 2NU,N4 2NU,nw3 3np,NW4 3EB,kt17 1tf,EN6 1QH,uxhall, London,SE11 5NH,churchtown,Begg SW11,willows medical ,willows medical centre,3 Con,3 Conygre,willows medical centre,grange surgery,N22 5AB,gu23 7bp,grove road surgery,grove road surgery,kt19 8ag,tw16 6rh,BH23 8AD,BH23 8AD,EC1R 0LP,rainbow medical centre,rainbow medical centre,rain, PR1 4SX,rainbow medical,rainbow medical,3 Co,longrove surgery,245,245 king,245 kings,nw3,nw3,n4 1tl,pear tree surgery,pear tree surgery,pear tree surgery,WC1N 1PD,Lingfield surgery,BN27 ,BN27 1,BN27 1BH,110,CO15 ,CO15 2NB,CO15 2NB,forest road,forest road group ,forest road group pra,queens,queens a,queens avenue,south lewisham,south lewisham health centre,SE6 2SP,gp ferndown,BN27 1BH,n4 1,nw11,nw11 ,nw11 8bb,hurley and,N1 9RH,HA4 0NT,CH48 4HZ,paydens faversham,MK7 7PB ,widnes,widnes utc,Paydens,Paydens,Paydens Fav,gp ferndown,gp poole,gp poole,KT2 5HF ,gp poole,gp bournemouth,Bourne,Bourne Surgery,rh1 2np,Bourn Surgery,charing,Adult services Kent,N1 8JG,charing surgery,che,studholme,heathgate medical ,heathgate medical practice,queens avenue,queens avenue,queens avenue,SW15 4LE ,n1 8jg,kt10 9ny,SW15 4LE ,stu,stu,guil,guildow,Prim,Pri,kt10 9ny,kt10 9ny,triage car birm,triage car birm,westbury,westbury medical,westbury medical,tw17 8ej,gui,gui,nw surrey,nw surrey ,NW5 3LN,hampton hill,hampton hill medical centre,hampton hill medical centre,sl2 1hd,NOTTING HILL MEDICAL CENTRE,NOTTING HILL MEDICAL CENTRE,gp bournemouth,gp christ,gp christ,da12 2en,clock tower surgery,clock tower surgery,E14,E14 0EY,EN5 4BB,the wells,the wells,the wells,THE ALDERGATE MED,nw1,n20 ,n20 9ex,Holmhurst,chadwick,chadwick,Prestbury medical,N19 3NU,N4 3PZ,N4 3PZ,SOL,IG3 ,IG3 8BG,KOTECHA,Denmark road,IG3 8BG,IG3 8BG,IG3 8BG,IG3 8BG,The Surgery ,The Surgery NR11,The Surgery ,The Surgery,DA12 2EN,The,nr11,nr11 7NP,n20,n20,n16 ,n16 9dp,nw s,hillview,hillview surgery,wendover health centre,wendover health centre,wendover health centre,ls9 6au,ls9 6au,wr1 2bs,SW1P 2BG,Riverside walton, Preston Grove ,UB5 6WL,PE19 1BQ,staying,ls9 6au,ls9 6au,107,107 ph,UB5 6WL,stanmore,stanmore medical grou,stanmore medical group,SE24 9HJ,friary ,friary house,friary house,dover ,dover high,dover high,dover high,N7 7JJ,houghton medical,houghton medical,m5 4,m5 4,m34 ,m34 3je,N1 5DR,harold hill health centre,N1 5DR,N1 5DR,st james street,SW15 25,SW15 25,college road surgery,college road surgery,SW16 2ST,N21 3LE,N21 3LE,SW16 2ST,hanley,hanley primary,nw9 ,nw9 7dg,N3 3NR,blackdown,blackd,blackdown,blackdown,clanric,clanric,clanric,st charles,EN5 4BB,st marks southport,LE14 4PA,LE14 4PA,THE LIMES MEDICAL CENTRE,chase cross ,chase cross medic,THE LIMES MEDICAL CENTRE,e15 2ja,MK41 9JE,WC1E 7AA,nw1,nw1 8ur,THE LIMES MEDICAL CENTRE,N19 3NU,Emergency Department - Royal Bournemouth Hospital ,TW20 9EX,ed royal bournemouth,ed royal bournemouth,The grove bore,233 tamworth road,Pharmacy clinic,wv6 ,wv6 0qw,wv6 0qw,cr0 7ag,old courthouse surgery,avion,avion,avion ,avion cen,old,avion centre,avion centre,SM1 4AF,SM1 4AF,laindon,laindon,Aireborough family,laindon,laindon,henfield,alexan,alexandra park,henfield,B6 6JY,NW5 3LN,FOREST HEALTH GROUP,FOREST HEALTH GROUP,laindon,laindon,FOREST HEALTH GROUP,FOREST HEALTH GROUP,FOREST HEALTH GROUP,FOREST HEALTH GROUP,wv6 0q,wv6 0q,wv6 0qw,wv6 0qw,FOREST HEALTH GROUP,ls2 9ae,LE14 4PA,ls2 9ae,gar,churchfield,churchfield ,churchfield surgery,churchfield surgery,N8 8HJ,FOREST HEALTH GROUP,FOREST HEALTH GROUP,FOREST HEALTH GROUP,FOREST HEALTH GROUP,FOREST HEALTH GROUP,tunstall ,tunstall primary,NW7 3QB ,FOREST HEALTH GROUP,FOREST HEALTH GROUP,Springfield surgery bingley,stable,stable fold surgery,TW20 9EX,TW20 9EX,ST1,TW20 9EX,ST1 3RX,Adwick road, Coleman,BN2 9DH,BN2 9DH,NW6 1TP,CAR,CARNE,CAR,carn,TW12 3AX,carnewater ,carnewater ,carnewater ,carnewater ,Bellevue Medical Centre,FOREST HEALTH GROUP,FOREST HEALTH GROUP,FOREST HEALTH GROUP,FOREST HEALTH GROUP,boots pydar,boots pydar,sl6 9hx,NW5 3LN,mor,mor,moor,moorcroft,Southsea,Southsea Medical Cen,Southsea Medical Cen,moorcroft,m35,m35 ,m35 0ad,m35 0ad,KT3 4EU,maida vale ,maida vale ,gu5 9dr,hawthorn walk,hawthorn walk in,se11 ,NW2 3UY,Shenley green surgery,se11 5nh,pelham,DA11 0HN,Thornley street medical,Thornley street medical,epsom at home,se22 9ep,avonside health,avonside health c,avonside health c,avonside health c,SG7 ,SG7 6,SG7 6BP,ha0 4uz,ha0 4uz,Wv3 0jh,Wv3 0jh,cr7 ,cr7 7jn,WC1E 7AA,WS3 2UW,rh3 7nj,clapham family,NW6 7JQ,Citi,Cit,City,City Roa,City Road ,City Road EC1V 2,cr7 7jn,City Road EC1V 2QH,n7 8dd,N15 5AZ,N15 5AZ,N15 5AZ,N15 5AZ,N15 5AZ,N15 5AZ,N15 5AZ,WS3 2TA,n1 2de,n1 2de,heathcote street,heathcote street,heathcote,heathcote,carnewater,WA9,WA9 4QB,WA9 4QB,NW6 7JQ,CV32 7AG,E1 6pu,E1 6pu,E1 6pu,E1 6pu,ashford,sl4 6ap,ashford,ashford,TN22 5FD,ashford,, N12 9AY,, N12 9AY,ashford,N4 1TL,far,farnham,farnham park,farnham park health,farnham park ,farnham park ,farnham park ,redcliffe surgery,gu17 0dd,M21 8UP,ls11 8lh,N1 1SW,N1 1SW,N1 1SW,m34,m34,higher openshaw,ls11 ,ls11 ,ls11 8lh,gu35 8lh,old road west,old road west surgery,old road west surgery,se2,se2,n13 ,n13 5,n13 5st,Wv1 1JP,carnewa,carnewa,LE1,LE1,ng2 ,ng2 7sd,ng2 7sd,ng2 7sd,the drive surgery,the drive surgery ilford,Davenal ,AL3 5NP,Royal free,Upper Gordon Road Surgery,HU17 5NL,vale practice,the vale practice,the vale practice,the vale practice,millrise medical,millrise medical,Crown su,Tadley,Tadley Medical,Tadley Medical,Tadley Medical,Tadley Medical,pau,North ,North ful,North fulham surgery,mayfield,mayfield medical ,mayfield med,mayfield,mayfield,88 l,lilly ,lilly road,mayfield,colville,rm8,rm8 2eq,paul,rm8 2eq,Crown surgery,Lloyds Pharmacy 17 Grove Road,old court,old court house,old court house,old court house,hig,pe19 ,Lloyds Pharmacy st james road,pe19 1AG,Lloyds Pharmacy st james road,Lloyds Pharmacy st james road,Lloyds Pharmacy st james road,ATTENBOROUGH SURGERY,fortune ,fortune green,City way surgery,NW3 3NP,the marches,HA2 7DU,21,21,Midlands Medical Partnership,Erdington Medical Centre,Erdington Medical Centre,se5 ,se5 7aq,ooh gp somerset ,ooh gp bath ,ooh gp ,ooh gp ,ooh gp somerset ,Liv,ST6,ST6 6BE,ST6 6BE,ST6,ST6,SM5,SM5 2RE,mount pharmacy ,CRO,THE MORTIMER MEDICAL PR,CRO,HR6 9QL,sdec,sdec,Strand Medical Group,mortimer,mortimer medical ,mortimer medical ,keats group,kidderminster medica,kidderminster medical,kidderminster medical,SDEC WORCESTER,SDEC WORCESTER,SDEC WORCESTER,Kidsgrove,Kidsgrove,Kidsgrove,moorcroft ,moorcroft ,sand,sand,sandwell,sandwell,sandwell ,sandwell ,Sunderland ed,Sunderland ed,ln1 2nu,ln1 2nu,ln6 7ga,de11,de11,de1,de1,de5,de7,de7 5gr,wf10 2,wf10 2dp,gillan house,CM2 7EZ,CM2 7EZ,BR5 1LH,e8 3hn,IP11 2XD,SG11 1TF,northants,northants ed,nor,northants ,northants ed,AL1 3HD,AL1 3HD,NR30 5NE,KT10 0EH,the cedars surgery,the cedars surgery,the cedars surgery,BN3 1AE,lozell,lozells medical,lozells medical,LS8 4HQ,SM2 6LX,alan,DN8 4BQ,feldon lane surgery,W11 4LA,SG12 9FT,Dolphin House Surgery,Lighthouse surgery,Jersey Practice,stroudley walk practice,cowfold,TA1 4TY,ws11 1ds,richmond lock surgery,richmond lock surgery,TN16 3TJ,TN16 3TJ,the b,the bo,the bou,the bou,the boul,the boule,the boulevard medical,hx1 ,hx1 2es,sk2 6bz,KT17 2LZ,CR3 5XL,holly bush,smet,smethwi,sme,smethwick,macc,Westcliffe Medical Centre,NR18 0AF,CR5 1HF,le3 ,le3 9ed,ME5 9LD ,hill side bridge,BD3 0BS,bel,belv,belvidere medical practice,HP14 4LG,centra,central aven,central avenue surgery,uxbridge health centre,med,medicus health ,medicus health partners,forest primary care centre,PE30 4DY,OVERTON PARK SURGERY,the dow surgery,the dow surgery ,the dow surgery redd,the dow surgery redditch,marine lake ,station road surgery,br4 ,br4 0pu,PEN,Penk,Penkridge,Penkridge medica,Penkridge medical ,GU17 0DD,stanm,stanmore medical group,south ,south le,south leice,south leicestershire,south leicestershire medical,south leicestershire ,south leicestershire ,two shires,LS1 8TL,the grove med,the grove medica,the grove medical ,the grove medical centre,the grove medical centre,manor f,manor field surgery,manor field surgery,rydings hall surgery,kings hill ,kings hill surgery,west malling practice,bute ,bute house,bute house med,barton ,barton hills medical ,barton hills medical group,highbridge ,highbridge medical centre,highbridge medical centre,hax,haxby group ,hax,hax,huni,hun,hun,huntingdon surgery,huntingdon surgery,huntingdon surgery,huntingdon surgery ,huntingdon surgery ,1 north lane,hun,huntingdon,huntingdon,huntingdon,huntington surgery,huntington surgery,sandgate road surgery,jesmond ,jesmond health ,jesmond health ,4 willard road,welford road,asqui,asquith ,asquith ,st vincent ,st vincent medical centre ,hilly fields ,hilly fields medical centre,stroudley ,richmond lock surgery,richmond lock surgery,the vy,the bo,the boulevard,the boulevard medical,hx1 2es,bower mount medical practice,bower mount medical practice,aldershot health centre,gu11 1ay,st davids ,st davids medical centre,millway medical practice,rowlands pharmacy,rowlands pharmacy rugby,rowlands pharmacy rugby,regis medica,regis medical centre,regis medical centre,enki,asda longsi,asda longsight,N2 9QD,SE11 4HJ,Hillside bridge,arran medical centre,WD17 1LS,NW3 3NP,de65 5gz,gun ,gun lan ,gun lane medical ,gun lane medical ,south,south tyne,south tyneside,south tyneside,the halfway, Martock, Martock surgery,THE KINGS FAMILY PRACTICE , Martock surgery, Martock surgery, Martock surgery, Martock surgery,N10 2PS,clapham,clapham ,clapham junction ,cla,clap,clapham ,clapham m,clapham medical,cla,cla,thornhill,thornhill medical practice ,thornhill medical practice ,clapham ,clapham junction,PE19 1BW,albrighto,albrighton ,cla,SW11 2EJ,albrighton medical ,albrighton medical ,cornishway group prac,Kingsdale,de4 ,de4 3fd,speedwell,speedwell ,speedwell ,Begg Practice ,Wem And prees,THE ABBOTSBURY PRACTICE, osborne practice, osborne practice,e3 3da,keele,keele ,keele st5,keele ,keele ,HG4 3SE,NW11 8NH,Hereford medical,W9 1NH ,cor,bb1 ,bb1 5e,bb1 5er,Undercliffe, Minehead Medical Centre,W2 2HL ,W2 2HL , N22 8JW, Frome Medical Practice,Undercliffe surgery,Morum House Medical Centre Staunton Group Practice,PO6 1PA,Harvey practice,HOVE EAST SUSSEX BN3 5JA, College Way Surgery, College Way Surgery, BN3 5JA, BN3 5JA,Pitsmoor,Portsmouth PO6 3AW,nton Group Practice,nton Group Practice,N22 8JW,N4 3DU,B42 1TQ,NG8 4HQ, Ryalls Park Med,brook,the brook,the brook health,the brook health care,Claremont medical , Hendford Lodge Me,Garnet Fold ,harold hill health centre,harold hill health centre,Great Barr Medical Centre 379 ,St Mary's,st werbur,st werburgh,st werburgh,st werburgh,NW1 2LS,de55 7ah,de55 7ah,woodgate,kill,opal,killick,opal,killick street,killick street ,bb1,bb1,l7 6,l7 6hd,l7 6hd,CW8 3DE,CW8 3DE,keats group practice,the vale practice,NW3 3RY,the vale practice,Peel Hall medical ,ng20,ng20 0bp,brewer street gp maidstone,sw11 1th,brewer street gp maidstone,ng20 0bp,bud,bideford medical centre,bideford medical centre,ng12 3jg,NW5 2BX,NW5 2BX,gu22 7qp,NW9 6DJ,se1 ,se1 4,se1 4qx,ng1,ng2 3aj,east croydon me,bridgnorth med,sm3,sm3 9he,M19 1UG,Pee,Pee,the maples medical ,the maples medical ,b27 6qj, BR6 8NZ,ng16 ,ng16 6bt,salford primary care together,salford primary care together,salford primary care together,cv10 0pb,B42 1TQ,mel,melrose surgery,goodi,bromley by bow,goodinge group,SE24 9AE,ng1,ng1,ng18 5gg,cofton medical centre,high street medical centre,high street medical centre,BOD,BODMIN,RH12 3YU,wr3 7lh,BODMIN,sal, height general practice,thomas walker surgery,ng1,ng1,abb,abbey medical group,abbey medical group,NW11 9AY,ha4 ,ha4 0nt, Wells Health Centr, Wells Health Centr, Wells Health Centr,sheen lane,sheen lane health centre,dy10 2bg,chadwe,chadwell heath,chadwell heath,Arundel Surgery Green Lane Cl,E15 1EN,tq1 3sl,LE12 ,DISL,ws2 9hy,ws2 9hy,kt9 1ag,BR6 8NZ,teme street,teme street,surgery teme street,gl7 4bq,EN11 9FF,wv12 ,Cra,wv12 ,Cranleigh ,sl5 0qj,parkshot, hei, hei,chorlton family ,gl7,gl7,le12,le12 ,le12 6jg,le12 6jg,GU18 5SQ,NW5 3LN,NG12 ,NG12 5JU,cho,cho,darwen healthlink ,darwen healthlink ,hall green health,hall green health,NG13 8NY,nr25 6qa,BH23 7JN ,BH23 7JN ,Gade Surgery,Gade Surgery,NW6 6RR,lan,lander,binbrook surgery,HA1 4JS,B98 0EP,longrove surgery,B98 0EP,E13 8PS,E13 8PS,eaton wood med,ex4 1hj,NW1 1HY,NW1 1HY,elms medical centre,the elms medical centre,the elms medical centre,E13 9ER,E13 9ER,HA8 0NR,HA8 0NR,boots pyd,boots pyd,boots pyd,dar,wilbraham road ,wilbraham road ,str,straight road ,straight road ,PE28 0JF,straight road ,The Tudor House Medical Centre,teme street,Nik,teme street surgery ,TW7 6,TW7 6AF,grange medical centre,grange medical centre ls14 6nx, DE22 2DS,le1,le14 4pa,le14 4pa,dingle park,W1T 6EU,NG12 5JU,m12,m12 4nh,grange medical centre ls14 6nx,dr haq,grange medical centre ls14 6nx,grange medical centre ls14 6nx,wil,peel hall medical ,Overton,Witham Court,WC1E 6DP,Saf,Med,Safe,Safeguarding,Safeguarding, PL9 7BH,Safeguarding ,strand medical centre,Safeguarding ,sl3 9ex,HA8 5LP,the elms medical centre,the elms medical centre, ME5 8TH,den,buxton medical,buxton medical,W2 5LT,ws2,ws2,b61 ,b61 0pu,the museum practice,green wood practice,89 gubbins lane,lon,gillan house,SG5 1LH,SG5 1LH,se16 3ha,the elms medical centre,the elms medical centre,the elms medical centre,pee,pee,rk medical ,RK medical ,RK m,RK medical ,RK medical ,RK medical brownley green,EC1A 7HF,the elms medical centre,grayshot surgery,BS9 3AA,AL7 4HL,AL7 4HL,jai medical,jai medical ce,jai medical ce,jai medical ce,greystone house surgery,jai medical ce,jai medical ce,jai medical ce,jai medical ce,AL9 7SN,springfield ,springfield eccles,jai medical ce, B91 2AG, B91 2AG,MK40 4GH,SG6 4TS,SG6 4TS,NW8 0AG,SG18 0RA,CM5 0AL,The Riverside Surger,The Riverside Surgery,The Riverside Surgery,riverside Surgery,riverside Surgery,riverside Surgery,riverside Surgery worc,SG5 1LH,SG5 1LH,SG17 5FS,SG17 5FS,de6,de6 ,de6 1,de6 1dr,SCI,SCOTT ARMS,de6 1dr,SG7 6BP,SW11 2PH,SW11 2PH,ingrebourne medical ,CROWN MEDICAL,CROWN MEDICAL,newton road lowton,CROWN MEDICAL,SHIRLAND MEDICAL,CROWN MEDICAL,spr,sides medical ,FOREST HEALTH GROUP,FOREST HEALTH GROUP,FOREST HEALTH GROUP,sidcu,sidcup medical centre,sidcup medical centre,sidcup medical centre,Lordswood house,FOREST HEALTH GROUP,nn5 ,nn5 6fr,The Pillbox Pharmacy,The Pillbox Pharmacy,The Pillbox Pharmacy,star lane,star lane ,star lane medi,star lane medical,FRAMFIELD HOUSE SURGERY,oak lodge ,oak lodge medical centre,NW5 2BX,Sunny meed,Sunny meed,SE16 7LL,SE16 7LL,CM13 2NL,riverlyn,Brunswick park medical,sid,the maples medical ,the maples medical ,urgent tre,urgent treatmen centre,urgent treatmen centre,urgent treatment centre,Torbay am,PL1 4JZ,PL1 4JZ,the lewis,the lewisham care ,the lewisham care pa,the lewisham care part,st James taunton,the lewisham care partnershi,the lewisham care partnership, NW5 1TR,halbut, NW5 1TR,E1 1BU,NG25 ,SOUTHWELL,SOUTHWELL,kt22 9le,CR0 4HN,kil,kil,ayles,aylesh,ayles,amersham vale,amersham vale,GREEN LIGHT PHARMACY,GREEN LIGHT PHARMACY,GREEN LIGHT PHARMACY E1 4FG ,Aspir,Aspire,tet,Aspire st ,tettenhall,tettenhall,gale,st werburgh,tettenhall medical ,tettenhall medical ,st werburgh medical practice ,st werburgh medical practice ,tettenhall,tettenhall,tettenhall,tettenhall,tettenhall,tettenhall,city road medical ,field,fieldhead ,fieldhead surgery,uclh,uclh,university college london hospital,university college london hospital,university college london hospital,aylesham ,aylesham ,TESCO INSTORE PHARMACY,Forest Hill Group Practice,SE22 0SQ,TESCO INSTORE PHARMACY ,tesco leytonstone,nw1,prim,primrose,primrose,primrose,university,university of ,university of third,clifton ,clifton Medical practice,university of third,university of third,se19 2,se19 2nt,moorcroft,moorcroft,SG14 1HZ,hagley,albany house,hagley,SG10 6DE,ampthill, E13 9ER,ampthill,AL7 4HL , ME5 8TH,strand medical group,EN7 6HL ,theydon bois, RM12 4UH,WD6 1JG,WD6 1JG,alrewas s,alrewas surgery,B18 7JH,sti,stirchley ,stirchley medical practice ,The Pillbox Pharmacy,The Pillbox Pharmacy ste,The Pillbox Pharmacy ,The Pillbox Pharmacy ,The Pillbox Pharmacy ,The Pillbox Pharmacy ,The Pillbox Pharmacy ,The Pillbox Pharmacy ,The Pillbox Pharmacy ,The Pillbox Pharmacy ,The Pillbox Pharmacy ,The Pillbox Pharmacy ,NG2 7PG, ME5 8TH,Long Catlis Road Surgery,Stonecross and West Drive Surgery,the,N13 ,N13 4JJ,Montgomery surgery,sunbury,sunbury hea,DE13 9,DE13 9NA,DE13 9NA,Bellegrove Surgery,NW6 1TP,Bellegrove Surgery,PLYMOUTH,TN22 1BA,NG13 ,The Deerbrook Surgery,B45 8nf,sun,sun,rowan tree,rowan tree,NG11 6HD,icares,NW5 2BX,NW5 2BX,Dalton,Dalton,the nelson ,the nelson practice,the nelson practice,LE11 4RZ,Cr6 9lf,wc1n ,wc1n 3na,sdec,row,guil,guild,guil,gui,guil,guild,guild,CM11 2RE,Rushall Medical Centre,branch end surgery,branch end surgery ,branch end surgery stocksfield,shore medical,HP6,HP6 5AY,RG24 8ND,gui,oaks,oak,guild,guildown,NW4 4AE,guildown,guildown,Shore medical,guildown,guildown,guildown,guildown,Shore Medical,Shore GP,Shore,Shore,rushall medical,CM11 2RE,the smithy surgery ,CM12 9DX,TR10 8HX,TR10 8HX,gui,gui,golds,goldsworth ,ws6,ws6,m38 ,m38 9,m38 9rs,Glenmoor Road Surgery,nw3 1nr,SE22 0SQ,ridg,ridgmount,IP28 8LB,the hart surgery,hart surgery,hart surgery,hart ,hart surgery,SLEAFORD MEDICAL GROUP,hart surgery,hart surgery,Nile,gol,Pinfold,cranlei,cranlei,Pinfold surgery,Pinfold surgery,Pinfold surgery,SLEAFORD MEDICAL GROUP,Pinfold surgery,Pinfold surgery,SLEAFORD MEDICAL GROUP,Pinfold surgery ,Pinfold surgery ,SLEAFORD MEDICAL GROUP,Pinfold Health centre,N19 3RN,Pinfold Health centre,derriford hospital,Pinfold Health centre,LE16 9BX,LE16 9BX,SLEAFORD MEDICAL GROUP,N3 2QN,Chopwell primary,cross,cra,cra,benchill,cross ,cross deep,NW3 1NR,benchill,Woolstone Medical Centre,cro,penny,pen,hampton,hampton hill,W3 8SA,SW11 1TH,adelaide ,adelaide ,west timperley,west timperley,SW9 6AF,n11 1ey,SW9 6AF,chafford medical ,DORCHESTER,DORCHESTER,preston ,The mole ridge practice,preston grove,spire london,leach heath,ham,the farmhouse surgery, Preston Grove Med,belsize priory,beacon medical group,beacon medical group,adelaide med,NW2 1HS,Saltash health centre,WD6 1JG,WD6 1JG,chase meadow,EC1R 0LP,EC1R 0LP,Partnership Primary Care Centre,Partnership Primary Care Cent,Partnership Primary Care Centre,Partnership Primary Care Centre camden,queslett,queslett,B18 7JH,woodlands medical,BRUNSWICK MEDICAL CENTRE,woodlands ,woodlands ,woodlands east finc,woodlands east finchl,woodlands east finchley,halb,BRU,BRU,WC1N 1AF,SE15 5sl,NW4 3EB,N3 1YL,kingstanding,kingstanding,lion health,lion health cent,lion health centre,Robin lane,PE2 6XN,St richards ,St richards road surgery,St richards road surgery,bb11,bb11 4hp,ilkeston health centre,ilkeston health centre,jhoots,ilkeston health centre,jhoots bolton,ilkeston health centre,ilkeston health centre,SS1 2AB,orsborn,cedar practice hackney,burnley group pract,burnley group practice,kiddrow lane,kiddrow lane,kiddrow lane,gl53 0la,regis medical centre,regis medical centre,St richards road surgery,Kingsteignton medical practice ,SO30 4FQ,chapelford ,chapelford health plus,NN13 6QZ,higherla,higherland,higherland,SOLIHULL HEALT,N19 3RN,SOLIHULL,SOLIHULL,St richards road surgery,SOLIHULL HEALTHCARE,whitehouse,NN13 6JR, Salisbury Hospital, Salisbury Hospital,LU1 3AG,N1 8JG,N14 4AQ,manor,manor brook,manor brook medical cent,manor brook medical centre,manor brook medical centre ,manor brook medical centre SE3,manor brook medical centre SE3 ,manor brook medical centre SE3 0EN,ASH,ASHCROFT,ASHCROFT SURGERY,ASHCROFT SURGERY,charlton medical centre,ASHCROFT SURGERY,ASHCROFT SURGERY,bidford health centre ,N4 3PZ,N4 3PZ,Wr2 5,halb,halbut,HANDSWORTH MEDICAL PRACTICE,HANDSWORTH MEDICAL PRACTICE,moss grove ,moss grove surgery,HANDSWORTH MEDICAL PRACTICE,HANDSWORTH MEDICAL PRACTICE,HANDSWORTH MEDICAL PRACTICE,HANDSWORTH MEDICAL PRACTICE,Nevells road,92A,DA1 1QY,Abbey Road Surgery,DA1 1QY,DA1 1QY,Nevells road surgery,Abbey Road Surgery,Winterton Surgery,Winterton Surgery,ct11,ct11 8ad,ct11 8ad,kingsbridge,kingsbridge newcastle,N19 3YU,N19 3YU,Wr2 5,Wr2 5,Wood End Pharmacy,crick,Wood End Pharmacy,crick medical practice,Wood End Pharmacy,saxon spires,Wood End Pharmacy,greens norto,greens norton,byfield,long buckby surgery,long buckby surgery,moss grove surgery,SM5 2RE ,the maples,the maples,dudley clinical hub,dudley clinical hub,dudley clinical hub,dudley clinical hub,IP13 9HA,dudley clinical hub,dudley clinical hub,dudley clinical hub,dudley clinical hub,whitswood,W5 4RH ,Ardingly Court,NW5 2UP,se13 ,se13 5p,se13 5pj,cumberland house,yor,york house,york house medical,GU9 7PA ,york house medical centre,york house medical centre heathsi,york house medical centre heathside,n2 9qd,NW1 1HY,NW1 1HY,NW1 1HY,cind,cinderford gp,cinderford gp,cinderford gp,cinderford gp,cinderford gp,KT17 1TF,se22 0sq,al1 3jb,WD23 2NN,WD23 2NN,CB11 3HY,bupa dental ,bupa dental sutton on ashfi,bupa dental sutton on ashfield ,RG18 ,RG18 3HD,RG18 3HD,NW4 4QR,triage car +,dr kukar,triage car worcester,westway,westway surgery,high,the,dr das,highgate,highgate group,W12 0PT,parkview,parkview,south,southwark ,southwark adult c,southwark adult communit,southwark adult community,sou,slam,slam ,slam ,ct11 8AD,slam ,slam ,slam ,n6 4,n6 4qa,NW5 2UP,NG6 9FE,Chislehurst Medical Practice,Chislehurst Medical Practice br,Chislehurst Medical Practice br7, DA1 1QY , DA1 1QY ,SE11 ,SE11 4HJ,NN17 2UR ,NN17 2UR ,SS2 4UB,Pen,Pencester ,Pencester surgery,SW16 ,SW16 5SE,DE56 4gG,DE56 4GG,SE1 8EE,N17 6AA ,N17 6AA ,htt,TW9 2RG,rutland,rutland ,rutland house,rutland house,ALEXANDER HOUSE,ALEXANDER HOUSE,collingw,newbury,newbury ,newbury group,newbury group,E4 6UN,the park medical,opal ,opal ,the park medical centre,park medical centre,park medical centre birmingham,park medical centre birmingham,HA1 4QG,ts18,ts18,ts18,ts18,PIL,PIL ,GP Extended,GP Extended TS,GP Extended TS18,BN1 3XE,GP TS18,TS18 ,TS18 ,GP TIME OUT,rotherham,rot,rot,TS18 P,rotected learning time,Protected learning time,hast plt,GP PLT,GP PLT,TS PLT,Dr Hendow,tennant street,chadwick practice,PLT,PLT,SG5 1LH,SG5 1LH,Mick,Mickel,Mickleover,Mickleover Medical Centre,nw6,NW6,NW6 1,NW6 1DS,ottershaw,ottershaw,N15 6JR,N15 6JR,htt,me3 9hu,me3 9hu,stafford and ,stafford health and ,stafford health and ,N17 ,N17 6,N17 6QB,Modbury,boots liskeard,boots liskeard,boots liskeard,boots liskeard,E4 9PD,Flixton,Partington ,rm3 ,rm3 9su,bn2 3dd,evesham,evesham comm,evesham comm,fernley medical,Safeguarding ,Queen Camel Medical,pem,cardiology,cardiology ,car,tun,card,cardiac ,cardiac p,cardiac ,cardiac - ,cardiac - t,cardiac - tu,car,tunbrid,tunbridge wells,tunbridge wells ,tunbridge wells ca,tunbridge wells car,tunbridge wells card,tun,tun,pembury,cardiac ser,cardiac services,cardiology ,DA16 3HQ,DA16 3HQ,Berrywood Hospital, Bath,Bath,Royal United Hospital,NR31 0NL,NR3,e13 ,richmond road medical centre,derby,derby hos,derby hospital,derby hospital,royal,royal,royal,royal,berrywood,Bridlington,Bridlington,Bridlington,Bridlington OOH,Bridlington OOH,Bridlington OOH,loze,lozells,lozells medical,lozells medical,lozells medical,lozells medical,lozells medical cent,tq9 5ja,tq9 5ja,bewick road surgery,hamilton medical centre,the surgery essex,newport surgery,newport surgery essex,roseneath,handsworth wood,handsworth wood,lordswood,marches,james ,james cochrane,conway road med,conway road med,balmoral gardens,balmoral gardens,balmoral gardens,balmoral gardens ,balmoral gardens ,balmoral gardens ,balmoral gardens ,hilltops medical centre,the den site ,TQ14 ,TQ14 8BG,TQ14 8BG,st davids ,st davids medical centre,st davids medical ,st davids,st davids,st davids ,st davids cal,maghull family surgery,belm,belmont hill surgery,belmont hill surgery,belmont hill surgery,cathed,cathed,BR4 9BG,N10 1DU ,elgar,elgar ,worcester hospital,worcester hospital,se10 0qn,Willow Tree Surgery,Willow Tree Surgery,10 W ,10 W CR,10 W CROSS AVE,ne39 ,ne39 1pw,WILLOW TREE SURGERY,2 JOLLYS LANE,churchwood medical practice,WITTERING,WITTERINGS MEDICAL ,WITTERINGS MEDICAL ,WITTERINGS MEDICAL ,FERN HOUSE SURGERY,FERN HOUSE SURGERY,willington surgery,White Horse Medical,White Horse Medical,parkbury street,white horse medical,white horse medical,Cross keys,SINNOTT ROAD , M40 7LH, M40 7L, M40 7L,NG2 7,NG2 7SD,NG2 7SD,park group surgery,park group surgery,park group surgery,park group surgery,park group surgery,park group surgery,bowland medical ,minehead me,minehead med,burnham,burnham medical,burnham medical,sunbury,sunbury health centre,the,the l,the lakes,the lakes, Martock Surgery,Grange hill,SW6 7SX,THREE SPIRES,de23 8al,de23 8al,waltham abbey health centre ,EC1R 0LP,BD24 9JA,BD24 9JA,RG20 5QX,Larkhill,Larkhill,Larkhill,denton medical ,bru,burnham mes,burnham med,burnham med,boots baker street,ROWAN TREE PRACTICE,ROWAN TREE PRACTICE,ROWAN TREE PRACTICE,ROWAN TREE PRACTICE,ROWAN TREE PRACTICE,ROWAN TREE PRACTICE,park end surgery,hamd medical,boots,boots chester,boots chester le,den,boots chester le street,the,bolling,bolling,park end surgery nw3 2se,Silverdale Practice 4 Silverdal,Silverdale Practice 4 Silver,Silverdale Practice 4 Silv,Silverdale Practice 4 ,Silverdale Practice ,Silverdale Practice ,Silverdale Practice ,Silverdale Practice ,Silverdale Practice ,RH15,WD23 2NN,RH15,greenford road medical centre,college way,college way,Hoyland, downland practice, downland practice,college way surgery,college way surgery, downland practice,college way surgery, Wincanton Health Centre, downland practice, downland practice, downland practice,gu21 8td,chestnut surgery sittingbou,brentfield medical centre,Wr9 0el, BS49 4ER,THAMESMEAD HEALTH CENTRE ,THAMESMEAD HEALTH CENTRE,THAMESMEAD HEALTH CENTRE,sle,ng34 ,ng34 7,ng34 7hd,kapur ,kapur family care,wye surgery,wye surgery,blackmore vale,LE12 6JG,LE12 6JG,Dy13 9eh,W11 1PA,DA12 2EN,W11 1PA,W11 1PA,N17,N17 ,N17 6,N17,RM8 3XU,N17 6QB,three spires,DE12 7HR,Carfax,Carfax,Priory house,pri,Priory House,Prio,Priori,Priority,Priority , B75 6DX,WC1E 6DP,woo,woodstock bower,Hoyland medical centre,Wr9 0el,Wr9 0el,hurley,hurley and riverside,frome valley,N15 5AZ,N15 5AZ,B90 4DD,bol,bol,St richards,Bridge street surgery,springfield medical eccles,St Richards road,St Richards road,St Richards road,adler ,682 Finchley Road,burnham,burnham medica,burnham medica,rg6 7RU,vicarage lane health centre,vicarage lane health centre,e15 4es,e15 4es,burnham medica,spr,cornerstone medical ,Wr9 0el,Wr9 0el,RH9 8DY ,Ossett Surgery Ossett ,e15 4es,e15 4es,e15 4es,HA8 0AP,SN8 3TA,e14 3bq,e14 3bq,stepping hill ,stepping hill menta,stepping hill menta,bramhall ,bramhall & shaw,KT23 4DH ,bramhall & shaw,bramhall & shaw,bramhall & shaw,bramhall & shaw,bramhall & shaw,bramhall & shaw,CT13 9ET,bramhall & shaw,bramhall & shaw,bramhall & shaw,hampstead group practice,SG14 1HZ,WC1X 0GB,AL1 3HD,AL1 3HD,AL9 7SN,cor,springfield eccles,SG5 1LH,SG5 1LH,AL1 3HD,AL1 3HD,Studholme,Community response Manchester ,orchi,orchid house surgery,orchid house surgery,Community response Manchester ,lu1 1hh,Trafford,Trafford,NW3 3RY,Trafford,ha4 8be,RH12 1UD ,EN7 6HL,SW4 6EB,EN8 8NW,SW4 6EB,EN6 4JA,deane ,deane medical ,deane medical ,deane medical ,SG14 1HZ ,dental ,SW4 6EB,dental hospital,dental hospital ro,dental hospital royal ,dental hospital royal vi,w6 7hy,EN8 0BX,burnham medica,burnham medica,AL10 0NL,EN6 4JA,AL10 0BS,AL10 0BS,EN7 6HL,tower house surgery,tower house surgery, Guildhall Walk H, Guildhall Walk, Guildhall Walk h,PO1 2RY,SG14 1HZ,SG14 1HZ ,springfield ,springfield house,springfield house,springfield house,springfield house,ha2 0ue,St James,St James taunton,heathcote gp,heathcote gp,1 liddell terrace,AL10 0NL,CT21 6BD,CT21 6BD,SG14 1HZ ,WESTWOOD CLI,WESTWOOD CLINIC,SG4 8AG,SG12 9HJ,dr r,clifford,ex22 6gh,clifford road,clifford road hounslow,cli,singh,sin,clifford,clifford,launceston,launceston ,PL15 9HH,Sonning ,penrose surgery,penrose surgery,Sonning health,cli,bor,board ,boa,boa,hampton,hampton bo,hampton br,hampton broad ,hampton broad lane,oakhouse ,Bellevue medical centre,HP20 1LJ, REGIS MEDICAL CENTRE,REGIS MEDICAL CENTRE,REGIS MEDICAL CENTRE,de3 9bj,Newland,Newland group,NW6 1AE,portslade health centre,Dr Walji - Balsall Heath Health,great chapel street medical centre,asda ,asda pharmacy bri,asda pharmacy brierle,co4,co4 ,co4 5,UB10 9QF,co4 5jl,halliwell s,halliwell s,bucklands lane,halliwell s,halliwell s,gu34 5hg,spr,pee,CW4 7BB,peel hall,Norheads Lane surgery 14A Norheads L ,Ws13 7,Ws13 7F,farmhouse,the farmhouse,worthing,NW6 4DX, SW17 9PG,pee,pee,kingsway medical ,kingsway medical manchester,wor,DE4,DE4 ,DE4 3nl,BN14 7JL,ng22 8la,DN21 2UQ ,DN21 2UQ,unsworth,unsworth,DE55 ,DE55 7AH,DE55 7AH,de12 7,de12 7h,de12 7hr,Handsworth wood medical centre,B60 2js,Dorothy patt,OAKWOOD SURGERY,kildonan,kildonan house,Dorothy patt,OAKWOOD SURGERY,Crisis team walsall,CW1 3AX,Bridge group hull,DN21 2UQ,NG5 1,NG5 1NA,falcon road medical,falcon road medical,ng12 2gd,ws12,N4 3DU,GU35 8LH ,holborn,dr manickam,holborn medical,CM17 0Ax,SW6 7SX ,ng8 5hl,enki medical,Tf3 2jz,Tf3 2jz,parkside ,ha8 ,parkside medical practice,ha8 9tn,parkside medical practice walsall,beechfield,beechfield,DAY LEWIS ,DAY LEWIS BURNHAM,MRI ,MRI ,UB1,UB1,m22 9uh,m22 9uh,b15 ,b15 2gw,ng8,ng8,novum,ng2 7pg, BS23 3H,N6 4QA,HA3 0YX,co4,co4,NW9 7DG,ng2,ng2,le3,le3 3f,le3 3fn,le3 3fn,Meadowcroft,scott arms,scott arms,boots,boots elbow lane,boots chapel lane,NG15 7JE,Tregenna Group Practice, HU18 1LP,kin,barlow medical centre,Hoyland medical centre,boots chapel street,boots chapel street,Druid group,formby health rooms, TN25 5AY,rowlands,Druid group,rowlands pharmacy,Druid group,rowlands pharmacy formby,rud,ryders formby,walkers,walkers ,walkers pharmacy,walker pharmacy,walker pharmacy,hollies surgery,hollies surgery,Pershore medical practice,hollies surgery, TN2, TN2, Staplehurst Health Centre,manor house lane surgery,manor house lane surgery,DA1 1QY ,DA1 1QY ,DA1 1QY ,Nw5 1tr,DA1 1QY ,DA1 1QY ,DA1 1QY ,N8 0PH,DA1 1QY ,N8 0PH,N15 4AA,THAMESMEAD HEALTH CENTRE ,THAMESMEAD HEALTH CENTRE ,N2 8BG,bar,borchardt ,KT11 1HT,IG3 ,IG3 8BG,IG3 8BG,IG3 8BG,the maples medical ,KT11 1HT,the maples medical ,WD3 3HD,SL3 9EX,Coventry Road Medical,Coventry Road Medical,n11,n6 4,lakeside ,hig,high,lakeside st,highgate,highgate ,lakeside s,lakeside ,highgate gp practice,highgate gp practice,PE19 1BQ,hig,bab,hampton hill,tw12 1ny,moor green lane,Tudor Practice Sutto Coldfield,moor green lane mose,KT4 7LG ,the,the,chapel medical group,chapel medical group,rowans surgery,HA8 9GJ,OX16 9AD,OX16 9AD,OX16 9AD,OX16 9AD,hall,halli,hallik,failsworth,failsworth,failsworth,failsworth,failsworth,dearden ,dearden ave medical ,NW6 7JQ,enki,E17 7NH,harefield,harefield,harefield,harefield,N1 3BS,Warden Lodge Medical Prac,dea,st andrews ,st andrews medical ,st andrews medical ,N21 2SA,DT4 7LE,Kirkgate,Eltham Medical Practice,stirchley,stirchley med,stirchley med,sleaford ,sleaford med,sleaford med,NW4 3EB,N14 4,N14 4A,N14 4AQ,DA3 8RH,hoi,hill,hillview,hillview hendon,E3 3,E3 3FF,E3 3FF,s6 4hl,russel,russells,russells hall,russells hall,Woodbridge hill,Woodbridge hill,GU9 9QS ,GU9 9QS ,EN2 7RD,Kidderminster minor,Kidderminster minor ,n6 4,E3 3,E3 3FF,E3 3FF,N6 4QA,WV10 0BD,se1,se16 3ha,blue ,blue wing ,blue wing ,blu,blu,row,rowan tree,rowan tree,e9 7ta,haygart,haygarth,UB9 6JY,N19 5EW,E15 4ES,E15 4ES,hetton,hetton,preston g,preston grove,preston grove,preston grove,PO16 9UW,61 northfield,61 northfield surgery ,SL1 6BB,61 northfield surgery ,61 northfield surgery w13 ,61 northfield surgery w13 9,61 northfield surgery w13 9q,61 northfield surgery w13 9qp,n10 2ps,n10 2ps,Holbrook Surgery,Holbrook Surgery,bridge,bridge house med,bridge house medical,BS16 2JD,HA8 5LP,bridge house,bridge house medical centre,LU7 0NE,LU7 0NE,HP2 5TA ,Pilch lane,WC1E 7AA,LU5 6DE,AL2 3JX,LU5 6DE ,WD4 8ET,e1 8,e1 8zf,parkin,Axbridge surgery,parkinson,N11 2PF,schopwick,schopwick,EN1 3EW,EN1 3EW,212 RICHMOND ROAD ,212 RICHMOND ROAD,JAMES WIGG PRACTICE,nr7
